{
  "name": "Coder Dark - Theme",
  "type": "dark",
  "colors": {
    "activityBar.background": "#0e0d1a",
    "activityBar.border": "#5966cc50",
    "activityBar.foreground": "#dddfe9",
    "activityBarBadge.background": "#8c97ea",
    "activityBarBadge.foreground": "#0e0d1a",
    "badge.background": "#0e0d1a30",
    "badge.foreground": "#5966cc",
    "breadcrumb.activeSelectionForeground": "#5966cc",
    "breadcrumb.background": "#0e0d1a",
    "breadcrumb.focusForeground": "#dddfe9",
    "breadcrumb.foreground": "#6a77d8",
    "breadcrumbPicker.background": "#0e0d1a",
    "button.background": "#5966cc50",
    "contrastBorder": "#5966cc50",
    "debugToolBar.background": "#0e0d1a",
    "diffEditor.insertedTextBackground": "#c800be15",
    "diffEditor.removedTextBackground": "#01d64820",
    "dropdown.background": "#0e0d1a",
    "dropdown.border": "#ffffff10",
    "editor.background": "#0e0d1a",
    "editor.findMatchBackground": "#0e0d1a",
    "editor.findMatchBorder": "#5966cc",
    "editor.findMatchHighlightBackground": "#5966cc93",
    "editor.findMatchHighlightBorder": "#ffffff30",
    "editor.foreground": "#dddfe9",
    "editor.lineHighlightBackground": "#0e0d1a50",
    //"editor.selectionBorder": "#ff0000",
    "editor.selectionBackground": "#8c97ea30",
    "editor.selectionHighlightBackground": "#5966cc6b",
    "editorBracketMatch.background": "#0e0d1a",
    "editorBracketMatch.border": "#ff00f27f",
    "editorCursor.foreground": "#ff00f2",
    "editorError.foreground": "#ffe553",
    "editorGroup.border": "#5966cc50",
    "editorGroupHeader.tabsBackground": "#0e0d1a",
    "editorGutter.addedBackground": "#c800be60",
    "editorGutter.deletedBackground": "#01d64860",
    "editorGutter.modifiedBackground": "#8c97ea60",
    "editorHoverWidget.background": "#0e0d1a",
    "editorHoverWidget.border": "#ffffff10",
    "editorIndentGuide.activeBackground": "#383b3d",
    "editorIndentGuide.background": "#383b3d70",
    "editorInfo.foreground": "#8c97ea70",
    "editorLineNumber.foreground": "#5966ccc0",
    "editorLineNumber.activeForeground": "#8c97ea",
    "editorLink.activeForeground": "#dddfe9",
    "editorMarkerNavigation.background": "#dddfe905",
    "editorOverviewRuler.border": "#0e0d1a",
    "editorOverviewRuler.errorForeground": "#01d64840",
    "editorOverviewRuler.findMatchForeground": "#5966cc",
    "editorOverviewRuler.infoForeground": "#8c97ea40",
    "editorOverviewRuler.warningForeground": "#ff000070",
    "editorRuler.foreground": "#383b3d",
    "editorSuggestWidget.background": "#0e0d1a",
    "editorSuggestWidget.border": "#ffffff10",
    "editorSuggestWidget.foreground": "#dddfe9",
    "editorSuggestWidget.highlightForeground": "#ff00f2",
    "editorSuggestWidget.selectedBackground": "#5966cc20",
    "editorWarning.foreground": "#c800be",
    "editorWhitespace.foreground": "#dddfe940",
    "editorWidget.background": "#0e0d1a",
    "editorWidget.border": "#ff00f2",
    "editorWidget.resizeBorder": "#5966cc",
    "extensionButton.prominentBackground": "#c800be90",
    "extensionButton.prominentHoverBackground": "#01d648",
    "focusBorder": "#ffffff00",
    "gitDecoration.conflictingResourceForeground": "#ff00f2",
    "gitDecoration.deletedResourceForeground": "#ff00f2",
    "gitDecoration.ignoredResourceForeground": "#8c97ea",
    "gitDecoration.modifiedResourceForeground": "#8c97ea",
    "gitDecoration.untrackedResourceForeground": "#8c97ea",
    "input.background": "#1d1e38",
    "input.border": "#ffffff10",
    "input.foreground": "#dddfe9",
    "input.placeholderForeground": "#dddfe960",
    "inputOption.activeBackground": "#dddfe930",
    "inputOption.activeBorder": "#dddfe930",
    "inputValidation.errorBorder": "#01d64850",
    "inputValidation.infoBorder": "#8c97ea50",
    "inputValidation.warningBorder": "#ff00f250",
    "list.activeSelectionBackground": "#0e0d1a",
    "list.activeSelectionForeground": "#5966cc",
    "list.focusBackground": "#1d1e38",
    "list.focusForeground": "#8c97ea",
    "list.highlightForeground": "#5966cc",
    "list.hoverBackground": "#5966cc30",
    "list.hoverForeground": "#ffffff",
    "list.inactiveSelectionBackground": "#0e0d1a30",
    "list.inactiveSelectionForeground": "#5966cc",
    "listFilterWidget.background": "#0e0d1a30",
    "listFilterWidget.noMatchesOutline": "#0e0d1a30",
    "listFilterWidget.outline": "#0e0d1a30",
    "menu.background": "#0e0d1af8",
    "menu.foreground": "#dddfe9",
    "menu.border": "#5966cc50",
    "menu.selectionBackground": "#5966cc30", // "#1b184b",
    "menu.selectionBorder": "#0e0d1a30",
    "menu.selectionForeground": "#dddfe9", //"#dddfe9",
    "menu.separatorBackground": "#5966cc9f",
    "menubar.selectionBackground": "#1b184b",
    "menubar.selectionBorder": "#5966cc50",
    "menubar.selectionForeground": "#dddfe9",
    "notificationLink.foreground": "#5966cc",
    "notifications.background": "#0e0d1a",
    "notifications.foreground": "#dddfe9",
    "panel.background": "#0e0d1a",
    "panel.border": "#5966cc50",
    "panelTitle.activeBorder": "#5966cc",
    "panelTitle.activeForeground": "#ffffff",
    "panelTitle.inactiveForeground": "#dddfe9",
    "peekView.border": "#0e0d1a30",
    "peekViewEditor.background": "#dddfe905",
    "peekViewEditor.matchHighlightBackground": "#5966cc50",
    "peekViewEditorGutter.background": "#dddfe905",
    "peekViewResult.background": "#dddfe905",
    "peekViewResult.matchHighlightBackground": "#5966cc50",
    "peekViewResult.selectionBackground": "#5966cc70",
    "peekViewTitle.background": "#dddfe905",
    "peekViewTitleDescription.foreground": "#dddfe960",
    "pickerGroup.foreground": "#5966cc",
    "progressBar.background": "#5966cc",
    "quickInputList.focusBackground": "#5966cc30",
    "quickInputList.focusForeground": "#b6bdf2",
    "scrollbar.shadow": "#0e0d1a00",
    "scrollbarSlider.activeBackground": "#5966cc",
    "scrollbarSlider.background": "#5966cc",
    "scrollbarSlider.hoverBackground": "#5966cc",
    "selection.background": "#5966cc",
    "settings.checkboxBackground": "#0e0d1a",
    "settings.checkboxForeground": "#dddfe9",
    "settings.dropdownBackground": "#0e0d1a",
    "settings.dropdownForeground": "#dddfe9",
    "settings.headerForeground": "#5966cc",
    "settings.modifiedItemIndicator": "#5966cc",
    "settings.numberInputBackground": "#0e0d1a",
    "settings.numberInputForeground": "#dddfe9",
    "settings.textInputBackground": "#0e0d1a",
    "settings.textInputForeground": "#dddfe9",
    "sideBar.background": "#0e0d1a",
    "sideBar.border": "#5966cc50",
    "sideBar.foreground": "#8c97ea",
    "sideBarSectionHeader.background": "#0e0d1a",
    "sideBarSectionHeader.border": "#0e0d1a60",
    "sideBarSectionHeader.foreground": "#8c97ea",
    "sideBarTitle.foreground": "#dddfe9",
    "statusBar.background": "#2c2772",
    "statusBar.border": "#0e0d1a60",
    "statusBar.debuggingBackground": "#ff00f2",
    "statusBar.debuggingForeground": "#ffffff",
    "statusBar.foreground": "#c4cbff",
    "statusBar.noFolderBackground": "#0e0d1a",
    "statusBarItem.hoverBackground": "#5966cc20",
    "statusBarItem.remoteBackground": "#5966cc",
    "statusBarItem.remoteForeground": "#0e0d1a",
    "tab.activeBorder": "#5966cc",
    "tab.activeBackground": "#5966cc20",
    "tab.activeForeground": "#ffffff",
    "tab.activeModifiedBorder": "#5966cc",
    "tab.border": "#5966cc90",
    "tab.inactiveBackground": "#0e0d1a",
    "tab.inactiveForeground": "#5966cc",
    "tab.hoverBackground": null,
    "tab.hoverBorder": null,
    "tab.hoverForeground": null,
    "tab.unfocusedHoverBackground": "#1b184ba0",
    "tab.unfocusedHoverForeground": "#dddfe9a0",
    "tab.unfocusedActiveBorder": "#5966cc",
    "tab.unfocusedActiveForeground": "#dddfe9",
    "terminal.ansiBlack": "#0e0d1a",
    "terminal.ansiBlue": "#8c97ea",
    "terminal.ansiBrightBlack": "#5966cc",
    "terminal.ansiBrightBlue": "#8c97ea",
    "terminal.ansiBrightCyan": "#23deff",
    "terminal.ansiBrightGreen": "#17f648",
    "terminal.ansiBrightMagenta": "#ff00f2",
    "terminal.ansiBrightRed": "#fa1313",
    "terminal.ansiBrightWhite": "#ffffff",
    "terminal.ansiBrightYellow": "#ffffff",
    "terminal.ansiCyan": "#8c97ea",
    "terminal.ansiGreen": "#00c82b",
    "terminal.ansiMagenta": "#ff00f2",
    "terminal.ansiRed": "#fa1313",
    "terminal.ansiWhite": "#ffffff",
    "terminal.ansiYellow": "#ffe553",
    "terminalCursor.background": "#0e0d1a",
    "terminalCursor.foreground": "#ff00f2",
    "textLink.activeForeground": "#dddfe9",
    "textLink.foreground": "#5966cc",
    "titleBar.activeBackground": "#0e0d1a",
    "titleBar.activeForeground": "#dddfe9",
    "titleBar.border": "#5966cc50",
    "titleBar.inactiveBackground": "#0e0d1a",
    "titleBar.inactiveForeground": "#8c97ea",
    "tree.indentGuidesStroke": "#383b3d",
    "widget.shadow": "#0e0d1a30",
    "minimap.background": "#141325",
    "minimapSlider.background": "#5966cc80",
    "minimapSlider.hoverBackground": "#5966cca0",
    "minimapSlider.activeBackground": "#5966ccb0",
    "minimapGutter.addedBackground": "#ff00f2",
    "minimapGutter.deletedBackground": "#ff00f2",
    "minimapGutter.modifiedBackground": "#ff00f2",
    "window.activeBorder": "#0e0d1a",
    //"activityBar.activeBorder": "#dddfe9",
    //"activityBar.dropBorder": "#dddfe9",
    //"activityBar.inactiveForeground": "#dddfe966",
    //"button.foreground": "#ffffff",
    //"button.hoverBackground": "#98a0c850",
    //"button.secondaryBackground": "#3a3d41",
    //"button.secondaryForeground": "#ffffff",
    //"button.secondaryHoverBackground": "#45494e",
    //"charts.blue": "#8c97ea70",
    //"charts.foreground": "#cccccc",
    //"charts.green": "#89d185",
    //"charts.lines": "#cccccc80",
    //"charts.orange": "#d18616",
    //"charts.purple": "#b180d7",
    //"charts.red": "#01d64870",
    //"charts.yellow": "#ff00f270",
    //"checkbox.background": "#0e0d1a",
    //"checkbox.border": "#ffffff10",
    //"checkbox.foreground": "#f0f0f0",
    //"debugConsole.errorForeground": "#f48771",
    //"debugConsole.infoForeground": "#8c97ea70",
    //"debugConsole.sourceForeground": "#cccccc",
    //"debugConsole.warningForeground": "#ff00f270",
    //"debugConsoleInputIcon.foreground": "#cccccc",
    //"debugExceptionWidget.background": "#420b0d",
    //"debugExceptionWidget.border": "#a31515",
    //"debugIcon.breakpointCurrentStackframeForeground": "#ff00f2",
    //"debugIcon.breakpointDisabledForeground": "#848484",
    //"debugIcon.breakpointForeground": "#e51400",
    //"debugIcon.breakpointStackframeForeground": "#89d185",
    //"debugIcon.breakpointUnverifiedForeground": "#848484",
    //"debugIcon.continueForeground": "#75beff",
    //"debugIcon.disconnectForeground": "#f48771",
    //"debugIcon.pauseForeground": "#75beff",
    //"debugIcon.restartForeground": "#89d185",
    //"debugIcon.startForeground": "#89d185",
    //"debugIcon.stepBackForeground": "#75beff",
    //"debugIcon.stepIntoForeground": "#75beff",
    //"debugIcon.stepOutForeground": "#75beff",
    //"debugIcon.stepOverForeground": "#75beff",
    //"debugIcon.stopForeground": "#f48771",
    //"debugTokenExpression.boolean": "#4e94ce",
    //"debugTokenExpression.error": "#f48771",
    //"debugTokenExpression.name": "#c586c0",
    //"debugTokenExpression.number": "#b5cea8",
    //"debugTokenExpression.string": "#ce9178",
    //"debugTokenExpression.value": "#cccccc99",
    //"debugView.exceptionLabelBackground": "#6c2022",
    //"debugView.exceptionLabelForeground": "#cccccc",
    //"debugView.stateLabelBackground": "#88888844",
    //"debugView.stateLabelForeground": "#cccccc",
    //"debugView.valueChangedHighlight": "#569cd6",
    //"descriptionForeground": "#ccccccb3",
    //"diffEditor.diagonalFill": "#cccccc33",
    //"dropdown.foreground": "#f0f0f0",
    //"editor.findRangeHighlightBackground": "#3a3d4166",
    //"editor.focusedStackFrameHighlightBackground": "#7abd7a4d",
    //"editor.foldBackground": "#717cb418",
    //"editor.hoverHighlightBackground": "#264f7840",
    //"editor.inactiveSelectionBackground": "#717cb428",
    //"editor.lineHighlightBorder": "#282828",
    //"editor.linkedEditingBackground": "#ff00f24d",
    //"editor.rangeHighlightBackground": "#ffffff0b",
    //"editor.snippetFinalTabstopHighlightBorder": "#525252",
    //"editor.snippetTabstopHighlightBackground": "#7c7c7c4d",
    //"editor.stackFrameHighlightBackground": "#ffff0033",
    //"editor.symbolHighlightBackground": "#0e0d1a50",
    //"editor.wordHighlightBackground": "#575757b8",
    //"editor.wordHighlightStrongBackground": "#004972b8",
    //"editorActiveLineNumber.foreground": "#c6c6c6",
    //"editorCodeLens.foreground": "#999999",
    //"editorGroup.dropBackground": "#53595d80",
    //"editorGroupHeader.noTabsBackground": "#0e0d1a",
    //"editorGutter.background": "#0e0d1a",
    //"editorGutter.commentRangeForeground": "#c5c5c5",
    //"editorGutter.foldingControlForeground": "#c5c5c5",
    //"editorHint.foreground": "#eeeeeeb3",
    //"editorHoverWidget.foreground": "#cccccc",
    //"editorHoverWidget.statusBarBackground": "#12141f",
    //"editorLightBulb.foreground": "#ff00f2",
    //"editorLightBulbAutoFix.foreground": "#75beff",
    //"editorMarkerNavigationError.background": "#01d64870",
    //"editorMarkerNavigationInfo.background": "#8c97ea70",
    //"editorMarkerNavigationWarning.background": "#ff00f270",
    //"editorOverviewRuler.addedForeground": "#c800be3a",
    //"editorOverviewRuler.bracketMatchForeground": "#a0a0a0",
    //"editorOverviewRuler.commonContentForeground": "#60606066",
    //"editorOverviewRuler.currentContentForeground": "#40c8ae80",
    //"editorOverviewRuler.deletedForeground": "#01d6483a",
    //"editorOverviewRuler.incomingContentForeground": "#40a6ff80",
    //"editorOverviewRuler.modifiedForeground": "#8c97ea3a",
    //"editorOverviewRuler.rangeHighlightForeground": "#007acc99",
    //"editorOverviewRuler.selectionHighlightForeground": "#a0a0a0cc",
    //"editorOverviewRuler.wordHighlightForeground": "#a0a0a0cc",
    //"editorOverviewRuler.wordHighlightStrongForeground": "#c0a0c0cc",
    //"editorPane.background": "#0e0d1a",
    //"editorUnnecessaryCode.opacity": "#0e0d1aaa",
    //"editorWidget.foreground": "#cccccc",
    //"errorForeground": "#f48771",
    //"extensionBadge.remoteBackground": "#5966cc",
    //"extensionBadge.remoteForeground": "#0e0d1a",
    //"extensionButton.prominentForeground": "#ffffff",
    //"foreground": "#cccccc",
    //"gitDecoration.addedResourceForeground": "#81b88b",
    //"gitDecoration.stageDeletedResourceForeground": "#c74e39",
    //"gitDecoration.stageModifiedResourceForeground": "#e2c08d",
    //"gitDecoration.submoduleResourceForeground": "#8db9e2",
    //"icon.foreground": "#c5c5c5",
    //"imagePreview.border": "#80808059",
    //"inputOption.activeForeground": "#ffffff",
    //"inputValidation.errorBackground": "#5a1d1d",
    //"inputValidation.infoBackground": "#063b49",
    //"inputValidation.warningBackground": "#352a05",
    //"list.deemphasizedForeground": "#8c8c8c",
    //"list.dropBackground": "#dddfe920",
    //"list.errorForeground": "#f88070",
    //"list.filterMatchBackground": "#0e0d1a50",
    //"list.filterMatchBorder": "#ffffff30",
    //"list.invalidItemForeground": "#b89500",
    "list.warningForeground": "#ff00f2",
    //"merge.commonContentBackground": "#60606029",
    //"merge.commonHeaderBackground": "#60606066",
    //"merge.currentContentBackground": "#40c8ae33",
    //"merge.currentHeaderBackground": "#40c8ae80",
    //"merge.incomingContentBackground": "#40a6ff33",
    //"merge.incomingHeaderBackground": "#40a6ff80",
    //"minimap.errorHighlight": "#ff1212b3",
    //"minimap.findMatchHighlight": "#d18616",
    //"minimap.selectionHighlight": "#264f78",
    //"minimap.warningHighlight": "#ff00f270",
    //"minimapGutter.addedBackground": "#587c0c",
    //"minimapGutter.deletedBackground": "#94151b",
    //"minimapGutter.modifiedBackground": "#0c7d9d",
    //"minimapSlider.activeBackground": "#5966cc80",
    //"minimapSlider.background": "#dddfe910",
    //"minimapSlider.hoverBackground": "#dddfe908",
    //"notebook.cellBorderColor": "#0e0d1a30",
    //"notebook.cellInsertionIndicator": "#ffffff00",
    //"notebook.cellStatusBarItemHoverBackground": "#ffffff26",
    //"notebook.cellToolbarSeparator": "#80808059",
    //"notebook.focusedCellBorder": "#ffffff00",
    //"notebook.focusedEditorBorder": "#ffffff00",
    //"notebook.focusedRowBorder": "#ffffff1f",
    //"notebook.outputContainerBackgroundColor": "#0e0d1a30",
    //"notebook.rowHoverBackground": "#80808012",
    //"notebook.selectedCellBorder": "#0e0d1a30",
    //"notebook.symbolHighlightBackground": "#ffffff0b",
    //"notebookScrollbarSlider.activeBackground": "#5966cc",
    //"notebookScrollbarSlider.background": "#dddfe920",
    //"notebookScrollbarSlider.hoverBackground": "#dddfe910",
    //"notebookStatusErrorIcon.foreground": "#f48771",
    //"notebookStatusRunningIcon.foreground": "#cccccc",
    //"notebookStatusSuccessIcon.foreground": "#89d185",
    //"notificationCenterHeader.background": "#131622",
    //"notifications.border": "#131622",
    //"notificationsErrorIcon.foreground": "#01d64870",
    //"notificationsInfoIcon.foreground": "#8c97ea70",
    //"notificationsWarningIcon.foreground": "#ff00f270",
    //"panel.dropBorder": "#ffffff",
    //"panelSection.border": "#0e0d1a60",
    //"panelSection.dropBackground": "#53595d80",
    //"panelSectionHeader.background": "#80808033",
    //"peekViewResult.fileForeground": "#ffffff",
    //"peekViewResult.lineForeground": "#bbbbbb",
    //"peekViewResult.selectionForeground": "#ffffff",
    //"peekViewTitleLabel.foreground": "#ffffff",
    //"pickerGroup.border": "#3f3f46",
    //"problemsErrorIcon.foreground": "#01d64870",
    //"problemsInfoIcon.foreground": "#8c97ea70",
    //"problemsWarningIcon.foreground": "#ff00f270",
    //"quickInput.background": "#0e0d1a",
    //"quickInput.foreground": "#cccccc",
    //"quickInputTitle.background": "#ffffff1b",
    //"scm.providerBorder": "#454545",
    //"searchEditor.findMatchBackground": "#0e0d1a35",
    //"searchEditor.findMatchBorder": "#ffffff20",
    //"searchEditor.textInputBorder": "#ffffff10",
    //"settings.checkboxBorder": "#ffffff10",
    //"settings.dropdownBorder": "#ffffff10",
    //"settings.dropdownListBorder": "#ff00f2",
    //"settings.focusedRowBackground": "#80808024",
    //"settings.numberInputBorder": "#ffffff10",
    //"settings.textInputBorder": "#ffffff10",
    //"sideBar.dropBackground": "#53595d80",
    //"sideBarSectionHeader.foreground": "#5966cc",
    //"statusBar.debuggingBorder": "#0e0d1a60",
    //"statusBar.noFolderBorder": "#0e0d1a60",
    //"statusBar.noFolderForeground": "#453f9e",
    //"statusBarItem.activeBackground": "#ffffff2e",
    //"statusBarItem.errorBackground": "#c72e0f",
    //"statusBarItem.errorForeground": "#ffffff",
    //"statusBarItem.prominentBackground": "#0e0d1a80",
    //"statusBarItem.prominentForeground": "#453f9e",
    //"statusBarItem.prominentHoverBackground": "#0e0d1a4d",
    //"symbolIcon.arrayForeground": "#cccccc",
    //"symbolIcon.booleanForeground": "#cccccc",
    //"symbolIcon.classForeground": "#ee9d28",
    //"symbolIcon.colorForeground": "#cccccc",
    //"symbolIcon.constantForeground": "#cccccc",
    //"symbolIcon.constructorForeground": "#b180d7",
    //"symbolIcon.enumeratorForeground": "#ee9d28",
    //"symbolIcon.enumeratorMemberForeground": "#75beff",
    //"symbolIcon.eventForeground": "#ee9d28",
    //"symbolIcon.fieldForeground": "#75beff",
    //"symbolIcon.fileForeground": "#cccccc",
    //"symbolIcon.folderForeground": "#cccccc",
    //"symbolIcon.functionForeground": "#b180d7",
    //"symbolIcon.interfaceForeground": "#75beff",
    //"symbolIcon.keyForeground": "#cccccc",
    //"symbolIcon.keywordForeground": "#cccccc",
    //"symbolIcon.methodForeground": "#b180d7",
    //"symbolIcon.moduleForeground": "#cccccc",
    //"symbolIcon.namespaceForeground": "#cccccc",
    //"symbolIcon.nullForeground": "#cccccc",
    //"symbolIcon.numberForeground": "#cccccc",
    //"symbolIcon.objectForeground": "#cccccc",
    //"symbolIcon.operatorForeground": "#cccccc",
    //"symbolIcon.packageForeground": "#cccccc",
    //"symbolIcon.propertyForeground": "#cccccc",
    //"symbolIcon.referenceForeground": "#cccccc",
    //"symbolIcon.snippetForeground": "#cccccc",
    //"symbolIcon.stringForeground": "#cccccc",
    //"symbolIcon.structForeground": "#cccccc",
    //"symbolIcon.textForeground": "#cccccc",
    //"symbolIcon.typeParameterForeground": "#cccccc",
    //"symbolIcon.unitForeground": "#cccccc",
    //"symbolIcon.variableForeground": "#75beff",
    //"tab.activeBackground": "#0e0d1a",
    //"tab.inactiveModifiedBorder": "#5966cc80",
    //"tab.lastPinnedBorder": "#383b3d",
    //"tab.unfocusedActiveBackground": "#0e0d1a",
    //"tab.unfocusedActiveModifiedBorder": "#5966cc80",
    //"tab.unfocusedInactiveBackground": "#0e0d1a",
    //"tab.unfocusedInactiveForeground": "#5966cc80",
    //"tab.unfocusedInactiveModifiedBorder": "#5966cc40",
    //"terminal.border": "#0e0d1a60",
    //"terminal.foreground": "#cccccc",
    //"terminal.selectionBackground": "#ffffff40",
    //"textBlockQuote.background": "#7f7f7f1a",
    //"textBlockQuote.border": "#007acc80",
    //"textCodeBlock.background": "#0a0a0a66",
    //"textPreformat.foreground": "#d7ba7d",
    //"textSeparator.foreground": "#ffffff2e",
    //"activityBar.activeBackground": null,
    //"activityBar.activeFocusBorder": null,
    //"contrastActiveBorder": null,
    //"contrastBorder": null,
    //"debugToolBar.border": null,
    //"diffEditor.border": null,
    //"diffEditor.insertedTextBorder": null,
    //"diffEditor.removedTextBorder": null,
    //"dropdown.listBackground": null,
    //"editor.findRangeHighlightBorder": null,
    //"editor.rangeHighlightBorder": null,
    //"editor.selectionForeground": null,
    "editor.selectionHighlightBorder": "#8c97eaf0"
    //"editor.snippetFinalTabstopHighlightBackground": null,
    //"editor.snippetTabstopHighlightBorder": null,
    //"editor.symbolHighlightBorder": null,
    //"editor.wordHighlightBorder": null,
    //"editor.wordHighlightStrongBorder": null,
    //"editorCursor.background": null,
    //"editorError.background": null,
    //"editorError.border": null,
    //"editorGroup.background": null,
    //"editorGroup.emptyBackground": null,
    //"editorGroup.focusedEmptyBorder": null,
    //"editorGroupHeader.border": null,
    //"editorGroupHeader.tabsBorder": null,
    //"editorHint.border": null,
    //"editorInfo.background": null,
    //"editorInfo.border": null,
    //"editorOverviewRuler.background": null,
    //"editorUnnecessaryCode.border": null,
    //"editorWarning.background": null,
    //"editorWarning.border": null,
    //"inputValidation.errorForeground": null,
    //"inputValidation.infoForeground": null,
    //"inputValidation.warningForeground": null,
    //"list.inactiveFocusBackground": null,
    //"menu.border": null,
    //"merge.border": null,

    //"notebook.cellHoverBackground": null,
    //"notebook.focusedCellBackground": null,
    //"notificationCenter.border": null,
    //"notificationCenterHeader.foreground": null,
    //"notificationToast.border": null,
    //"panelInput.border": null,
    //"panelSectionHeader.border": null,
    //"panelSectionHeader.foreground": null,
    //"peekViewEditor.matchHighlightBorder": null,
    //"sash.hoverBorder": null,
    //"tab.activeBorderTop": null,
    //"tab.hoverBackground": null,
    //"tab.hoverBorder": null,
    //"tab.hoverForeground": null,
    //"tab.unfocusedActiveBorderTop": null,
    //"tab.unfocusedHoverBackground": null,
    //"tab.unfocusedHoverBorder": null,
    //"tab.unfocusedHoverForeground": null,
    //"terminal.background": null,
    //"walkThrough.embeddedEditorBackground": null,
    //"welcomePage.background": null,
    //"welcomePage.buttonBackground": null,
    //"welcomePage.buttonHoverBackground": null,
    //"window.activeBorder": null,
    //"window.inactiveBorder": null
  },
  "tokenColors": [
    {
      "scope": [
        "variable",
        "string constant.other.placeholder",
        "invalid.deprecated",
        "keyword",
        "storage.type",
        "storage.modifier"
      ],
      "settings": {
        "foreground": "#ff00f2"
      }
    },
    {
      "scope": [
        "variable",
        "string constant.other.placeholder",
        "entity.name.function",
        "punctuation.definition.interpolation.end.bracket.curly.scss",
        "punctuation.definition.interpolation.begin.bracket.curly.scss"
      ],
      "settings": {
        "fontStyle": "italic"
      }
    },
    {
      "scope": [
        "punctuation.definition.interpolation.end.bracket.curly.scss",
        "punctuation.definition.interpolation.begin.bracket.curly.scss"
      ],
      "settings": {
        "foreground": "#c800be"
      }
    },
    {
      "scope": ["constant.other.php"],
      "settings": {
        "foreground": "#ff00f2"
      }
    },
    {
      "scope": ["constant.other.color"],
      "settings": {
        "foreground": "#FFFFFF"
      }
    },
    {
      "scope": ["invalid", "invalid.illegal"],
      "settings": {
        "foreground": "#01d648"
      }
    },
    {
      "scope": ["Keyword", "Storage"],
      "settings": {
        "fontStyle": "italic"
      }
    },
    {
      "scope": [
        "keyword.control",
        "constant.other.color",
        "punctuation.definition.tag",
        "punctuation",
        "punctuation.separator.inheritance.php",
        "punctuation.definition.tag.html",
        "punctuation.section.embedded",
        "keyword.other.template",
        "keyword.other.substitution",
        "entity.name.tag.reference.scss"
      ],
      "settings": {
        "foreground": "#a7a8af"
      }
    },
    {
      "scope": [
        "punctuation.definition.tag.begin.html",
        "punctuation.definition.tag.end.html"
      ],
      "settings": {
        "foreground": "#6d6f7c"
      }
    },
    {
      "scope": [
        "keyword.control.at-rule",
        "punctuation.terminator.rule.css",
        "keyword.control.operator",
        "punctuation.definition.entity.css",
        "keyword.operator.assignment.js",
        "punctuation.separator.comma.js",
        "punctuation.definition.string.begin.js",
        "punctuation.definition.string.end.js",
        "punctuation.definition.binding-pattern.object.js"
      ],
      "settings": {
        "foreground": "#dddfe9"
      }
    },
    {
      "scope": ["punctuation.definition", "string.quoted.single.scss"],
      "settings": {
        "foreground": "#a7a8af"
      }
    },
    {
      "scope": ["keyword.control"],
      "settings": {
        "fontStyle": "bold"
      }
    },
    {
      "scope": [
        "comment.line.scss",
        "comment.line.double-slash.js",
        "punctuation.definition.comment.scss",
        "punctuation.definition.comment.js",
        "punctuation.definition.comment.html",
        "comment.block.html"
      ],
      "settings": {
        "foreground": "#6d6f7c"
      }
    },
    // HTML
    {
      "scope": ["text.html.derivative"],
      "settings": {
        "foreground": "#a7a8af"
      }
    },
    {
      "scope": [
        "entity.name.tag",
        "meta.tag.sgml",
        "markup.deleted.git_gutter"
      ],
      "settings": {
        "foreground": "#dddfe9"
      }
    },
    {
      "scope": ["entity.name.tag.html"],
      "settings": {
        "fontStyle": "bold"
      }
    },
    {
      "scope": [
        "variable.parameter.js",
        "variable.parameter.keyframe-list.css"
      ],
      "settings": {
        "foreground": "#ff00f2"
      }
    },
    {
      "scope": [
        "variable.other.object.js",
        "storage.type.js",
        "string.other.link.title.markdown",
        "variable.other.readwrite.js",
        "variable.other.property.js",
        "entity.name.type.module.js"
      ],
      "settings": {
        "foreground": "#6a77d8",
        "fontStyle": ""
      }
    },
    {
      "scope": [
        "string",
        "string.quoted.double.html",
        "variable.other.constant.js",
        "variable.other.object.property.js",
        "string.quoted.double.json",
        "markup.fenced_code.block.markdown",
        "markup.inline.raw.string.markdown",
        "variable.function",
        "keyword.other.special-method",
        "entity.name.function",
        "markup.bold",
        "markup.bold.markdown",
        "markup.italic.markdown",
        "meta.class-method.js entity.name.function.js",
        "variable.function.constructor",
        "entity.name.tag.other.html",
        "entity.name.tag.block.any.html",
        "source.sass keyword.control"
      ],
      "settings": {
        "foreground": "#8c97ea"
      }
    },
    {
      "scope": [
        "punctuation.definition.string.begin.html",
        "punctuation.definition.string.end.html"
      ],
      "settings": {
        "foreground": "#c4cbff"
      }
    },
    {
      "scope": ["support.other.variable", "string.other.link", "markup.table"],
      "settings": {
        "foreground": "#dddfe9"
      }
    },
    {
      "scope": [
        "constant.numeric",
        "constant.language",
        "constant.character",
        "constant.escape",
        "keyword.other.unit",
        "keyword.other",
        "punctuation.separator.key-value.html"
      ],
      "settings": {
        "foreground": "#ff00f2"
      }
    },
    {
      "scope": [
        "variable.parameter.function.language.special",
        "variable.parameter"
      ],
      "settings": {
        "foreground": "#01d648"
      }
    },
    {
      "scope": [
        "constant.other.symbol",
        "constant.other.key",
        "entity.other.inherited-class",
        "keyword.other.unit",
        "markup.heading",
        "markup.inserted.git_gutter",
        "meta.group.braces.curly constant.other.object.key.js string.unquoted.label.js"
      ],
      "settings": {
        "foreground": "#c800be",
        "fontStyle": ""
      }
    },
    {
      "scope": [
        "entity.name",
        "support.type",
        "support.class",
        "support.orther.namespace.use.php",
        "meta.use.php",
        "support.other.namespace.php",
        "markup.changed.git_gutter",
        "support.type.sys-types",
        "entity.other.attribute-name.html"
      ],
      "settings": {
        "foreground": "#FF00F2"
      }
    },
    {
      "scope": ["support.type"],
      "settings": {
        "foreground": "#B2CCD6"
      }
    },
    {
      "scope": [
        "source.css support.type.property-name",
        "source.sass support.type.property-name",
        "source.scss support.type.property-name",
        "source.less support.type.property-name",
        "source.stylus support.type.property-name",
        "source.postcss support.type.property-name"
      ],
      "settings": {
        "foreground": "#6a77d8"
      }
    },
    {
      "scope": [
        "entity.name.module.js",
        "variable.import.parameter.js",
        "variable.other.class.js"
      ],
      "settings": {
        "foreground": "#01d648"
      }
    },
    {
      "scope": [
        "entity.name.method.js",
        "tag.decorator.js entity.name.tag.js",
        "tag.decorator.js punctuation.definition.tag.js"
      ],
      "settings": {
        "foreground": "#8c97ea",
        "fontStyle": "italic"
      }
    },
    {
      "scope": ["entity.other.attribute-name", "support.function"],
      "settings": {
        "foreground": "#ff00f2"
      }
    },
    {
      "scope": [
        "entity.other.attribute-name.id",
        "entity.other.attribute-name.class",
        "entity.other.attribute-name.pseudo-class",
        "entity.name.tag.css",
        "keyword.control.conditional.js",
        "support.constant",
        "entity.other.attribute-name.html",
        "string.quoted.single.js",
        "storage.type.function.js",
        "meta.object-literal.key"
      ],
      "settings": {
        "foreground": "#dddfe9"
      }
    },
    {
      "scope": ["source.scss keyword.control"],
      "settings": {
        "foreground": "#ff0000"
      }
    },
    {
      "scope": ["markup.inserted"],
      "settings": {
        "foreground": "#c800be"
      }
    },
    {
      "scope": ["markup.deleted"],
      "settings": {
        "foreground": "#01d648"
      }
    },
    {
      "scope": ["markup.changed"],
      "settings": {
        "foreground": "#ff00f2"
      }
    },
    {
      "scope": ["string.regexp"],
      "settings": {
        "foreground": "#c4cbff"
      }
    },
    {
      "scope": ["constant.character.escape"],
      "settings": {
        "foreground": "#c4cbff"
      }
    },
    {
      "scope": ["*url*", "*link*", "*uri*"],
      "settings": {
        "fontStyle": "underline"
      }
    },
    {
      "scope": [
        "source.js constant.other.object.key.js string.unquoted.label.js"
      ],
      "settings": {
        "foreground": "#dddfe9",
        "fontStyle": "italic"
      }
    },
    {
      "scope": ["support.type.property-name.json"],
      "settings": {
        "foreground": "#dddfe9"
      }
    },
    {
      "scope": [
        "text.html.markdown",
        "punctuation.definition.list_item.markdown"
      ],
      "settings": {
        "foreground": "#dddfe9"
      }
    },
    {
      "scope": ["text.html.markdown markup.inline.raw.markdown"],
      "settings": {
        "foreground": "#ff00f2"
      }
    },
    {
      "scope": [
        "text.html.markdown markup.inline.raw.markdown punctuation.definition.raw.markdown"
      ],
      "settings": {
        "foreground": "#5966cc50"
      }
    },
    {
      "scope": ["text.html.markdown meta.dummy.line-break"],
      "settings": {}
    },
    {
      "scope": [
        "markdown.heading",
        "markup.heading | markup.heading entity.name",
        "markup.heading.markdown punctuation.definition.heading.markdown",
        "entity.name.section.markdown"
      ],
      "settings": {
        "foreground": "#6a77d8",
        "fontStyle": "bold"
      }
    },
    {
      "scope": ["markup.underline"],
      "settings": {
        "foreground": "#8c97ea",
        "fontStyle": "underline"
      }
    },
    {
      "scope": ["markup.strike"],
      "settings": {
        "fontStyle": ""
      }
    },
    {
      "scope": ["markup.quote punctuation.definition.blockquote.markdown"],
      "settings": {
        "foreground": "#5966cc50"
      }
    },
    {
      "scope": ["markup.quote"],
      "settings": {
        "fontStyle": "italic"
      }
    },
    {
      "scope": ["string.other.link.description.title.markdown"],
      "settings": {
        "foreground": "#ff00f2"
      }
    },
    {
      "scope": ["constant.other.reference.link.markdown"],
      "settings": {
        "foreground": "#ff00f2"
      }
    },
    {
      "scope": ["markup.raw.block"],
      "settings": {
        "foreground": "#ff00f2"
      }
    },
    {
      "scope": [
        "punctuation.definition.raw.markdown",
        "punctuation.definition.markdown"
      ],
      "settings": {
        "foreground": "#c4cbff"
      }
    },
    {
      "scope": ["variable.language.fenced.markdown"],
      "settings": {
        "foreground": "#5966cc"
      }
    },
    {
      "scope": ["meta.separator"],
      "settings": {
        "foreground": "#a7a8af",
        "fontStyle": "bold"
      }
    },
    {
      "scope": "token.info-token",
      "settings": {
        "foreground": "#5966cc"
      }
    },
    {
      "scope": "token.warn-token",
      "settings": {
        "foreground": "#ff00f2"
      }
    },
    {
      "scope": "token.error-token",
      "settings": {
        "foreground": "#ff293b"
      }
    },
    {
      "scope": "token.debug-token",
      "settings": {
        "foreground": "#c4cbff"
      }
    }
  ]
}
