{
  "name": "Orion Black - Theme",
  "type": "dark",
  "semanticHighlighting": true,
  "semanticTokenColors": {
    "enumMember": {
      "foreground": "#ffffff"
    },
    "variable.constant": {
      "foreground": "#b5e6f1"
    },
    "variable.defaultLibrary": {
      "foreground": "#00cfff"
    }
  },
  "tokenColors": [
    {
      "name": "unison punctuation",
      "scope": "punctuation.definition.delayed.unison,punctuation.definition.list.begin.unison,punctuation.definition.list.end.unison,punctuation.definition.ability.begin.unison,punctuation.definition.ability.end.unison,punctuation.operator.assignment.as.unison,punctuation.separator.pipe.unison,punctuation.separator.delimiter.unison,punctuation.definition.hash.unison",
      "settings": {
        "foreground": "#f7ff00"
      }
    },
    {
      "name": "haskell variable generic-type",
      "scope": "variable.other.generic-type.haskell",
      "settings": {
        "foreground": "#d300ff"
      }
    },
    {
      "name": "haskell storage type",
      "scope": "storage.type.haskell",
      "settings": {
        "foreground": "#b5e6f1"
      }
    },
    {
      "name": "support.variable.magic.python",
      "scope": "support.variable.magic.python",
      "settings": {
        "foreground": "#f7ff00"
      }
    },
    {
      "name": "punctuation.separator.parameters.python",
      "scope": "punctuation.separator.period.python,punctuation.separator.element.python,punctuation.parenthesis.begin.python,punctuation.parenthesis.end.python",
      "settings": {
        "foreground": "#ffffff"
      }
    },
    {
      "name": "variable.parameter.function.language.special.self.python",
      "scope": "variable.parameter.function.language.special.self.python",
      "settings": {
        "foreground": "#00cfff"
      }
    },
    {
      "name": "storage.modifier.lifetime.rust",
      "scope": "storage.modifier.lifetime.rust",
      "settings": {
        "foreground": "#ffffff"
      }
    },
    {
      "name": "support.function.std.rust",
      "scope": "support.function.std.rust",
      "settings": {
        "foreground": "#14ff00"
      }
    },
    {
      "name": "entity.name.lifetime.rust",
      "scope": "entity.name.lifetime.rust",
      "settings": {
        "foreground": "#00cfff"
      }
    },
    {
      "name": "variable.language.rust",
      "scope": "variable.language.rust",
      "settings": {
        "foreground": "#f7ff00"
      }
    },
    {
      "name": "support.constant.edge",
      "scope": "support.constant.edge",
      "settings": {
        "foreground": "#d300ff"
      }
    },
    {
      "name": "regexp constant character-class",
      "scope": "constant.other.character-class.regexp",
      "settings": {
        "foreground": "#f7ff00"
      }
    },
    {
      "name": "regexp operator.quantifier",
      "scope": "keyword.operator.quantifier.regexp",
      "settings": {
        "foreground": "#b5e6f1"
      }
    },
    {
      "name": "punctuation.definition",
      "scope": "punctuation.definition.string.begin,punctuation.definition.string.end",
      "settings": {
        "foreground": "#78f2ff"
      }
    },
    {
      "name": "Text",
      "scope": "variable.parameter.function",
      "settings": {
        "foreground": "#ffffff"
      }
    },
    {
      "name": "Comment Markup Link",
      "scope": "comment markup.link",
      "settings": {
        "foreground": "#717171"
      }
    },
    {
      "name": "markup diff",
      "scope": "markup.changed.diff",
      "settings": {
        "foreground": "#00cfff"
      }
    },
    {
      "name": "diff",
      "scope": "meta.diff.header.from-file,meta.diff.header.to-file,punctuation.definition.from-file.diff,punctuation.definition.to-file.diff",
      "settings": {
        "foreground": "#14ff00"
      }
    },
    {
      "name": "inserted.diff",
      "scope": "markup.inserted.diff",
      "settings": {
        "foreground": "#78f2ff"
      }
    },
    {
      "name": "deleted.diff",
      "scope": "markup.deleted.diff",
      "settings": {
        "foreground": "#f7ff00"
      }
    },
    {
      "name": "c++ function",
      "scope": "meta.function.c,meta.function.cpp",
      "settings": {
        "foreground": "#f7ff00"
      }
    },
    {
      "name": "c++ block",
      "scope": "punctuation.section.block.begin.bracket.curly.cpp,punctuation.section.block.end.bracket.curly.cpp,punctuation.terminator.statement.c,punctuation.section.block.begin.bracket.curly.c,punctuation.section.block.end.bracket.curly.c,punctuation.section.parens.begin.bracket.round.c,punctuation.section.parens.end.bracket.round.c,punctuation.section.parameters.begin.bracket.round.c,punctuation.section.parameters.end.bracket.round.c",
      "settings": {
        "foreground": "#ffffff"
      }
    },
    {
      "name": "js/ts punctuation separator key-value",
      "scope": "punctuation.separator.key-value",
      "settings": {
        "foreground": "#ffffff"
      }
    },
    {
      "name": "js/ts import keyword",
      "scope": "keyword.operator.expression.import",
      "settings": {
        "foreground": "#14ff00"
      }
    },
    {
      "name": "math js/ts",
      "scope": "support.constant.math",
      "settings": {
        "foreground": "#00cfff"
      }
    },
    {
      "name": "math property js/ts",
      "scope": "support.constant.property.math",
      "settings": {
        "foreground": "#b5e6f1"
      }
    },
    {
      "name": "js/ts variable.other.constant",
      "scope": "variable.other.constant",
      "settings": {
        "foreground": "#00cfff"
      }
    },
    {
      "name": "java type",
      "scope": [
        "storage.type.annotation.java",
        "storage.type.object.array.java"
      ],
      "settings": {
        "foreground": "#00cfff"
      }
    },
    {
      "name": "java source",
      "scope": "source.java",
      "settings": {
        "foreground": "#f7ff00"
      }
    },
    {
      "name": "java modifier.import",
      "scope": "punctuation.section.block.begin.java,punctuation.section.block.end.java,punctuation.definition.method-parameters.begin.java,punctuation.definition.method-parameters.end.java,meta.method.identifier.java,punctuation.section.method.begin.java,punctuation.section.method.end.java,punctuation.terminator.java,punctuation.section.class.begin.java,punctuation.section.class.end.java,punctuation.section.inner-class.begin.java,punctuation.section.inner-class.end.java,meta.method-call.java,punctuation.section.class.begin.bracket.curly.java,punctuation.section.class.end.bracket.curly.java,punctuation.section.method.begin.bracket.curly.java,punctuation.section.method.end.bracket.curly.java,punctuation.separator.period.java,punctuation.bracket.angle.java,punctuation.definition.annotation.java,meta.method.body.java",
      "settings": {
        "foreground": "#ffffff"
      }
    },
    {
      "name": "java modifier.import",
      "scope": "meta.method.java",
      "settings": {
        "foreground": "#14ff00"
      }
    },
    {
      "name": "java modifier.import",
      "scope": "storage.modifier.import.java,storage.type.java,storage.type.generic.java",
      "settings": {
        "foreground": "#00cfff"
      }
    },
    {
      "name": "java instanceof",
      "scope": "keyword.operator.instanceof.java",
      "settings": {
        "foreground": "#d300ff"
      }
    },
    {
      "name": "java variable.name",
      "scope": "meta.definition.variable.name.java",
      "settings": {
        "foreground": "#f7ff00"
      }
    },
    {
      "name": "operator logical",
      "scope": "keyword.operator.logical",
      "settings": {
        "foreground": "#ffffff"
      }
    },
    {
      "name": "operator bitwise",
      "scope": "keyword.operator.bitwise",
      "settings": {
        "foreground": "#ffffff"
      }
    },
    {
      "name": "operator channel",
      "scope": "keyword.operator.channel",
      "settings": {
        "foreground": "#ffffff"
      }
    },
    {
      "name": "support.constant.property-value.scss",
      "scope": "support.constant.property-value.scss,support.constant.property-value.css",
      "settings": {
        "foreground": "#b5e6f1"
      }
    },
    {
      "name": "CSS/SCSS/LESS Operators",
      "scope": "keyword.operator.css,keyword.operator.scss,keyword.operator.less",
      "settings": {
        "foreground": "#ffffff"
      }
    },
    {
      "name": "css color standard name",
      "scope": "support.constant.color.w3c-standard-color-name.css,support.constant.color.w3c-standard-color-name.scss",
      "settings": {
        "foreground": "#b5e6f1"
      }
    },
    {
      "name": "css comma",
      "scope": "punctuation.separator.list.comma.css",
      "settings": {
        "foreground": "#ffffff"
      }
    },
    {
      "name": "css attribute-name.id",
      "scope": "support.constant.color.w3c-standard-color-name.css",
      "settings": {
        "foreground": "#b5e6f1"
      }
    },
    {
      "name": "css property-name",
      "scope": "support.type.vendored.property-name.css",
      "settings": {
        "foreground": "#ffffff"
      }
    },
    {
      "name": "js/ts module",
      "scope": "support.module.node,support.type.object.module,support.module.node",
      "settings": {
        "foreground": "#00cfff"
      }
    },
    {
      "name": "entity.name.type.module",
      "scope": "entity.name.type.module",
      "settings": {
        "foreground": "#00cfff"
      }
    },
    {
      "name": "js variable readwrite",
      "scope": "variable.other.readwrite,meta.object-literal.key,support.variable.property,support.variable.object.process,support.variable.object.node",
      "settings": {
        "foreground": "#f7ff00"
      }
    },
    {
      "name": "js/ts json",
      "scope": "support.constant.json",
      "settings": {
        "foreground": "#b5e6f1"
      }
    },
    {
      "name": "js/ts Keyword",
      "scope": [
        "keyword.operator.expression.instanceof",
        "keyword.operator.new",
        "keyword.operator.ternary",
        "keyword.operator.optional",
        "keyword.operator.expression.keyof"
      ],
      "settings": {
        "foreground": "#d300ff"
      }
    },
    {
      "name": "js/ts console",
      "scope": "support.type.object.console",
      "settings": {
        "foreground": "#f7ff00"
      }
    },
    {
      "name": "js/ts support.variable.property.process",
      "scope": "support.variable.property.process",
      "settings": {
        "foreground": "#b5e6f1"
      }
    },
    {
      "name": "js console function",
      "scope": "entity.name.function,support.function.console",
      "settings": {
        "foreground": "#14ff00"
      }
    },
    {
      "name": "keyword.operator.misc.rust",
      "scope": "keyword.operator.misc.rust",
      "settings": {
        "foreground": "#ffffff"
      }
    },
    {
      "name": "keyword.operator.sigil.rust",
      "scope": "keyword.operator.sigil.rust",
      "settings": {
        "foreground": "#d300ff"
      }
    },
    {
      "name": "operator",
      "scope": "keyword.operator.delete",
      "settings": {
        "foreground": "#d300ff"
      }
    },
    {
      "name": "js dom",
      "scope": "support.type.object.dom",
      "settings": {
        "foreground": "#ffffff"
      }
    },
    {
      "name": "js dom variable",
      "scope": "support.variable.dom,support.variable.property.dom",
      "settings": {
        "foreground": "#f7ff00"
      }
    },
    {
      "name": "keyword.operator",
      "scope": "keyword.operator.arithmetic,keyword.operator.comparison,keyword.operator.decrement,keyword.operator.increment,keyword.operator.relational",
      "settings": {
        "foreground": "#ffffff"
      }
    },
    {
      "name": "C operator assignment",
      "scope": "keyword.operator.assignment.c,keyword.operator.comparison.c,keyword.operator.c,keyword.operator.increment.c,keyword.operator.decrement.c,keyword.operator.bitwise.shift.c,keyword.operator.assignment.cpp,keyword.operator.comparison.cpp,keyword.operator.cpp,keyword.operator.increment.cpp,keyword.operator.decrement.cpp,keyword.operator.bitwise.shift.cpp",
      "settings": {
        "foreground": "#d300ff"
      }
    },
    {
      "name": "Punctuation",
      "scope": "punctuation.separator.delimiter",
      "settings": {
        "foreground": "#ffffff"
      }
    },
    {
      "name": "Other punctuation .c",
      "scope": "punctuation.separator.c,punctuation.separator.cpp",
      "settings": {
        "foreground": "#d300ff"
      }
    },
    {
      "name": "C type posix-reserved",
      "scope": "support.type.posix-reserved.c,support.type.posix-reserved.cpp",
      "settings": {
        "foreground": "#ffffff"
      }
    },
    {
      "name": "keyword.operator.sizeof.c",
      "scope": "keyword.operator.sizeof.c,keyword.operator.sizeof.cpp",
      "settings": {
        "foreground": "#d300ff"
      }
    },
    {
      "name": "python parameter",
      "scope": "variable.parameter.function.language.python",
      "settings": {
        "foreground": "#b5e6f1"
      }
    },
    {
      "name": "python type",
      "scope": "support.type.python",
      "settings": {
        "foreground": "#ffffff"
      }
    },
    {
      "name": "python logical",
      "scope": "keyword.operator.logical.python",
      "settings": {
        "foreground": "#d300ff"
      }
    },
    {
      "name": "pyCs",
      "scope": "variable.parameter.function.python",
      "settings": {
        "foreground": "#b5e6f1"
      }
    },
    {
      "name": "python block",
      "scope": "punctuation.definition.arguments.begin.python,punctuation.definition.arguments.end.python,punctuation.separator.arguments.python,punctuation.definition.list.begin.python,punctuation.definition.list.end.python",
      "settings": {
        "foreground": "#ffffff"
      }
    },
    {
      "name": "python function-call.generic",
      "scope": "meta.function-call.generic.python",
      "settings": {
        "foreground": "#14ff00"
      }
    },
    {
      "name": "python placeholder reset to normal string",
      "scope": "constant.character.format.placeholder.other.python",
      "settings": {
        "foreground": "#b5e6f1"
      }
    },
    {
      "name": "Operators",
      "scope": "keyword.operator",
      "settings": {
        "foreground": "#ffffff"
      }
    },
    {
      "name": "Compound Assignment Operators",
      "scope": "keyword.operator.assignment.compound",
      "settings": {
        "foreground": "#d300ff"
      }
    },
    {
      "name": "Compound Assignment Operators js/ts",
      "scope": "keyword.operator.assignment.compound.js,keyword.operator.assignment.compound.ts",
      "settings": {
        "foreground": "#ffffff"
      }
    },
    {
      "name": "Keywords",
      "scope": "keyword",
      "settings": {
        "foreground": "#d300ff"
      }
    },
    {
      "name": "Namespaces",
      "scope": "entity.name.namespace",
      "settings": {
        "foreground": "#00cfff"
      }
    },
    {
      "name": "Variables",
      "scope": "variable",
      "settings": {
        "foreground": "#f7ff00"
      }
    },
    {
      "name": "Variables",
      "scope": "variable.c",
      "settings": {
        "foreground": "#ffffff"
      }
    },
    {
      "name": "Language variables",
      "scope": "variable.language",
      "settings": {
        "foreground": "#00cfff"
      }
    },
    {
      "name": "Java Variables",
      "scope": "token.variable.parameter.java",
      "settings": {
        "foreground": "#ffffff"
      }
    },
    {
      "name": "Java Imports",
      "scope": "import.storage.java",
      "settings": {
        "foreground": "#00cfff"
      }
    },
    {
      "name": "Packages",
      "scope": "token.package.keyword",
      "settings": {
        "foreground": "#d300ff"
      }
    },
    {
      "name": "Packages",
      "scope": "token.package",
      "settings": {
        "foreground": "#ffffff"
      }
    },
    {
      "name": "Functions",
      "scope": [
        "entity.name.function",
        "meta.require",
        "support.function.any-method",
        "variable.function"
      ],
      "settings": {
        "foreground": "#14ff00"
      }
    },
    {
      "name": "Classes",
      "scope": "entity.name.type.namespace",
      "settings": {
        "foreground": "#00cfff"
      }
    },
    {
      "name": "Classes",
      "scope": "support.class, entity.name.type.class",
      "settings": {
        "foreground": "#00cfff"
      }
    },
    {
      "name": "Class name",
      "scope": "entity.name.class.identifier.namespace.type",
      "settings": {
        "foreground": "#00cfff"
      }
    },
    {
      "name": "Class name",
      "scope": [
        "entity.name.class",
        "variable.other.class.js",
        "variable.other.class.ts"
      ],
      "settings": {
        "foreground": "#00cfff"
      }
    },
    {
      "name": "Class name php",
      "scope": "variable.other.class.php",
      "settings": {
        "foreground": "#f7ff00"
      }
    },
    {
      "name": "Type Name",
      "scope": "entity.name.type",
      "settings": {
        "foreground": "#00cfff"
      }
    },
    {
      "name": "Keyword Control",
      "scope": "keyword.control",
      "settings": {
        "foreground": "#d300ff"
      }
    },
    {
      "name": "Control Elements",
      "scope": "control.elements, keyword.operator.less",
      "settings": {
        "foreground": "#b5e6f1"
      }
    },
    {
      "name": "Methods",
      "scope": "keyword.other.special-method",
      "settings": {
        "foreground": "#14ff00"
      }
    },
    {
      "name": "Storage",
      "scope": "storage",
      "settings": {
        "foreground": "#d300ff"
      }
    },
    {
      "name": "Storage JS TS",
      "scope": "token.storage",
      "settings": {
        "foreground": "#d300ff"
      }
    },
    {
      "name": "Source Js Keyword Operator Delete,source Js Keyword Operator In,source Js Keyword Operator Of,source Js Keyword Operator Instanceof,source Js Keyword Operator New,source Js Keyword Operator Typeof,source Js Keyword Operator Void",
      "scope": "keyword.operator.expression.delete,keyword.operator.expression.in,keyword.operator.expression.of,keyword.operator.expression.instanceof,keyword.operator.new,keyword.operator.expression.typeof,keyword.operator.expression.void",
      "settings": {
        "foreground": "#d300ff"
      }
    },
    {
      "name": "Java Storage",
      "scope": "token.storage.type.java",
      "settings": {
        "foreground": "#00cfff"
      }
    },
    {
      "name": "Support",
      "scope": "support.function",
      "settings": {
        "foreground": "#ffffff"
      }
    },
    {
      "name": "Support type",
      "scope": "support.type.property-name",
      "settings": {
        "foreground": "#ffffff"
      }
    },
    {
      "name": "Support type",
      "scope": "support.constant.property-value",
      "settings": {
        "foreground": "#ffffff"
      }
    },
    {
      "name": "Support type",
      "scope": "support.constant.font-name",
      "settings": {
        "foreground": "#b5e6f1"
      }
    },
    {
      "name": "Meta tag",
      "scope": "meta.tag",
      "settings": {
        "foreground": "#ffffff"
      }
    },
    {
      "name": "Strings",
      "scope": "string",
      "settings": {
        "foreground": "#78f2ff"
      }
    },
    {
      "name": "Inherited Class",
      "scope": "entity.other.inherited-class",
      "settings": {
        "foreground": "#00cfff"
      }
    },
    {
      "name": "Constant other symbol",
      "scope": "constant.other.symbol",
      "settings": {
        "foreground": "#ffffff"
      }
    },
    {
      "name": "Integers",
      "scope": "constant.numeric",
      "settings": {
        "foreground": "#b5e6f1"
      }
    },
    {
      "name": "Constants",
      "scope": "constant",
      "settings": {
        "foreground": "#b5e6f1"
      }
    },
    {
      "name": "Constants",
      "scope": "punctuation.definition.constant",
      "settings": {
        "foreground": "#b5e6f1"
      }
    },
    {
      "name": "Tags",
      "scope": "entity.name.tag",
      "settings": {
        "foreground": "#f7ff00"
      }
    },
    {
      "name": "Attributes",
      "scope": "entity.other.attribute-name",
      "settings": {
        "foreground": "#b5e6f1"
      }
    },
    {
      "name": "Attribute IDs",
      "scope": "entity.other.attribute-name.id",
      "settings": {
        "fontStyle": "normal",
        "foreground": "#14ff00"
      }
    },
    {
      "name": "Attribute class",
      "scope": "entity.other.attribute-name.class.css",
      "settings": {
        "fontStyle": "normal",
        "foreground": "#b5e6f1"
      }
    },
    {
      "name": "Selector",
      "scope": "meta.selector",
      "settings": {
        "foreground": "#d300ff"
      }
    },
    {
      "name": "Headings",
      "scope": "markup.heading",
      "settings": {
        "foreground": "#f7ff00"
      }
    },
    {
      "name": "Headings",
      "scope": "markup.heading punctuation.definition.heading, entity.name.section",
      "settings": {
        "foreground": "#14ff00"
      }
    },
    {
      "name": "Units",
      "scope": "keyword.other.unit",
      "settings": {
        "foreground": "#f7ff00"
      }
    },
    {
      "name": "Bold",
      "scope": "markup.bold,todo.bold",
      "settings": {
        "foreground": "#b5e6f1"
      }
    },
    {
      "name": "Bold",
      "scope": "punctuation.definition.bold",
      "settings": {
        "foreground": "#00cfff"
      }
    },
    {
      "name": "markup Italic",
      "scope": "markup.italic, punctuation.definition.italic,todo.emphasis",
      "settings": {
        "foreground": "#d300ff"
      }
    },
    {
      "name": "emphasis md",
      "scope": "emphasis md",
      "settings": {
        "foreground": "#d300ff"
      }
    },
    {
      "name": "[VSCODE-CUSTOM] Markdown headings",
      "scope": "entity.name.section.markdown",
      "settings": {
        "foreground": "#f7ff00"
      }
    },
    {
      "name": "[VSCODE-CUSTOM] Markdown heading Punctuation Definition",
      "scope": "punctuation.definition.heading.markdown",
      "settings": {
        "foreground": "#f7ff00"
      }
    },
    {
      "name": "punctuation.definition.list.begin.markdown",
      "scope": "punctuation.definition.list.begin.markdown",
      "settings": {
        "foreground": "#f7ff00"
      }
    },
    {
      "name": "[VSCODE-CUSTOM] Markdown heading setext",
      "scope": "markup.heading.setext",
      "settings": {
        "foreground": "#ffffff"
      }
    },
    {
      "name": "[VSCODE-CUSTOM] Markdown Punctuation Definition Bold",
      "scope": "punctuation.definition.bold.markdown",
      "settings": {
        "foreground": "#b5e6f1"
      }
    },
    {
      "name": "[VSCODE-CUSTOM] Markdown Inline Raw",
      "scope": "markup.inline.raw.markdown",
      "settings": {
        "foreground": "#78f2ff"
      }
    },
    {
      "name": "[VSCODE-CUSTOM] Markdown Inline Raw",
      "scope": "markup.inline.raw.string.markdown",
      "settings": {
        "foreground": "#78f2ff"
      }
    },
    {
      "name": "[VSCODE-CUSTOM] Markdown List Punctuation Definition",
      "scope": "punctuation.definition.list.markdown",
      "settings": {
        "foreground": "#f7ff00"
      }
    },
    {
      "name": "[VSCODE-CUSTOM] Markdown Punctuation Definition String",
      "scope": [
        "punctuation.definition.string.begin.markdown",
        "punctuation.definition.string.end.markdown",
        "punctuation.definition.metadata.markdown"
      ],
      "settings": {
        "foreground": "#f7ff00"
      }
    },
    {
      "name": "beginning.punctuation.definition.list.markdown",
      "scope": ["beginning.punctuation.definition.list.markdown"],
      "settings": {
        "foreground": "#f7ff00"
      }
    },
    {
      "name": "[VSCODE-CUSTOM] Markdown Punctuation Definition Link",
      "scope": "punctuation.definition.metadata.markdown",
      "settings": {
        "foreground": "#f7ff00"
      }
    },
    {
      "name": "[VSCODE-CUSTOM] Markdown Underline Link/Image",
      "scope": "markup.underline.link.markdown,markup.underline.link.image.markdown",
      "settings": {
        "foreground": "#d300ff"
      }
    },
    {
      "name": "[VSCODE-CUSTOM] Markdown Link Title/Description",
      "scope": "string.other.link.title.markdown,string.other.link.description.markdown",
      "settings": {
        "foreground": "#14ff00"
      }
    },
    {
      "name": "Regular Expressions",
      "scope": "string.regexp",
      "settings": {
        "foreground": "#ffffff"
      }
    },
    {
      "name": "Escape Characters",
      "scope": "constant.character.escape",
      "settings": {
        "foreground": "#ffffff"
      }
    },
    {
      "name": "Embedded",
      "scope": "punctuation.section.embedded, variable.interpolation",
      "settings": {
        "foreground": "#f7ff00"
      }
    },
    {
      "name": "Embedded",
      "scope": "punctuation.section.embedded.begin,punctuation.section.embedded.end",
      "settings": {
        "foreground": "#d300ff"
      }
    },
    {
      "name": "illegal",
      "scope": "invalid.illegal",
      "settings": {
        "foreground": "#ffffff"
      }
    },
    {
      "name": "illegal",
      "scope": "invalid.illegal.bad-ampersand.html",
      "settings": {
        "foreground": "#ffffff"
      }
    },
    {
      "name": "Broken",
      "scope": "invalid.broken",
      "settings": {
        "foreground": "#ffffff"
      }
    },
    {
      "name": "Deprecated",
      "scope": "invalid.deprecated",
      "settings": {
        "foreground": "#ffffff"
      }
    },
    {
      "name": "Unimplemented",
      "scope": "invalid.unimplemented",
      "settings": {
        "foreground": "#ffffff"
      }
    },
    {
      "name": "Source Json Meta Structure Dictionary Json > String Quoted Json",
      "scope": "source.json meta.structure.dictionary.json > string.quoted.json",
      "settings": {
        "foreground": "#f7ff00"
      }
    },
    {
      "name": "Source Json Meta Structure Dictionary Json > String Quoted Json > Punctuation String",
      "scope": "source.json meta.structure.dictionary.json > string.quoted.json > punctuation.string",
      "settings": {
        "foreground": "#f7ff00"
      }
    },
    {
      "name": "Source Json Meta Structure Dictionary Json > Value Json > String Quoted Json,source Json Meta Structure Array Json > Value Json > String Quoted Json,source Json Meta Structure Dictionary Json > Value Json > String Quoted Json > Punctuation,source Json Meta Structure Array Json > Value Json > String Quoted Json > Punctuation",
      "scope": "source.json meta.structure.dictionary.json > value.json > string.quoted.json,source.json meta.structure.array.json > value.json > string.quoted.json,source.json meta.structure.dictionary.json > value.json > string.quoted.json > punctuation,source.json meta.structure.array.json > value.json > string.quoted.json > punctuation",
      "settings": {
        "foreground": "#78f2ff"
      }
    },
    {
      "name": "Source Json Meta Structure Dictionary Json > Constant Language Json,source Json Meta Structure Array Json > Constant Language Json",
      "scope": "source.json meta.structure.dictionary.json > constant.language.json,source.json meta.structure.array.json > constant.language.json",
      "settings": {
        "foreground": "#ffffff"
      }
    },
    {
      "name": "[VSCODE-CUSTOM] JSON Property Name",
      "scope": "support.type.property-name.json",
      "settings": {
        "foreground": "#f7ff00"
      }
    },
    {
      "name": "[VSCODE-CUSTOM] JSON Punctuation for Property Name",
      "scope": "support.type.property-name.json punctuation",
      "settings": {
        "foreground": "#f7ff00"
      }
    },
    {
      "name": "laravel blade tag",
      "scope": "text.html.laravel-blade source.php.embedded.line.html entity.name.tag.laravel-blade",
      "settings": {
        "foreground": "#d300ff"
      }
    },
    {
      "name": "laravel blade @",
      "scope": "text.html.laravel-blade source.php.embedded.line.html support.constant.laravel-blade",
      "settings": {
        "foreground": "#d300ff"
      }
    },
    {
      "name": "use statement for other classes",
      "scope": "support.other.namespace.use.php,support.other.namespace.use-as.php,support.other.namespace.php,entity.other.alias.php,meta.interface.php",
      "settings": {
        "foreground": "#00cfff"
      }
    },
    {
      "name": "error suppression",
      "scope": "keyword.operator.error-control.php",
      "settings": {
        "foreground": "#d300ff"
      }
    },
    {
      "name": "php instanceof",
      "scope": "keyword.operator.type.php",
      "settings": {
        "foreground": "#d300ff"
      }
    },
    {
      "name": "style double quoted array index normal begin",
      "scope": "punctuation.section.array.begin.php",
      "settings": {
        "foreground": "#ffffff"
      }
    },
    {
      "name": "style double quoted array index normal end",
      "scope": "punctuation.section.array.end.php",
      "settings": {
        "foreground": "#ffffff"
      }
    },
    {
      "name": "php illegal.non-null-typehinted",
      "scope": "invalid.illegal.non-null-typehinted.php",
      "settings": {
        "foreground": "#f44747"
      }
    },
    {
      "name": "php types",
      "scope": "storage.type.php,meta.other.type.phpdoc.php,keyword.other.type.php,keyword.other.array.phpdoc.php",
      "settings": {
        "foreground": "#00cfff"
      }
    },
    {
      "name": "php call-function",
      "scope": "meta.function-call.php,meta.function-call.object.php,meta.function-call.static.php",
      "settings": {
        "foreground": "#14ff00"
      }
    },
    {
      "name": "php function-resets",
      "scope": "punctuation.definition.parameters.begin.bracket.round.php,punctuation.definition.parameters.end.bracket.round.php,punctuation.separator.delimiter.php,punctuation.section.scope.begin.php,punctuation.section.scope.end.php,punctuation.terminator.expression.php,punctuation.definition.arguments.begin.bracket.round.php,punctuation.definition.arguments.end.bracket.round.php,punctuation.definition.storage-type.begin.bracket.round.php,punctuation.definition.storage-type.end.bracket.round.php,punctuation.definition.array.begin.bracket.round.php,punctuation.definition.array.end.bracket.round.php,punctuation.definition.begin.bracket.round.php,punctuation.definition.end.bracket.round.php,punctuation.definition.begin.bracket.curly.php,punctuation.definition.end.bracket.curly.php,punctuation.definition.section.switch-block.end.bracket.curly.php,punctuation.definition.section.switch-block.start.bracket.curly.php,punctuation.definition.section.switch-block.begin.bracket.curly.php,punctuation.definition.section.switch-block.end.bracket.curly.php",
      "settings": {
        "foreground": "#ffffff"
      }
    },
    {
      "name": "support php constants",
      "scope": "support.constant.core.rust",
      "settings": {
        "foreground": "#b5e6f1"
      }
    },
    {
      "name": "support php constants",
      "scope": "support.constant.ext.php,support.constant.std.php,support.constant.core.php,support.constant.parser-token.php",
      "settings": {
        "foreground": "#b5e6f1"
      }
    },
    {
      "name": "php goto",
      "scope": "entity.name.goto-label.php,support.other.php",
      "settings": {
        "foreground": "#14ff00"
      }
    },
    {
      "name": "php logical/bitwise operator",
      "scope": "keyword.operator.logical.php,keyword.operator.bitwise.php,keyword.operator.arithmetic.php",
      "settings": {
        "foreground": "#ffffff"
      }
    },
    {
      "name": "php regexp operator",
      "scope": "keyword.operator.regexp.php",
      "settings": {
        "foreground": "#d300ff"
      }
    },
    {
      "name": "php comparison",
      "scope": "keyword.operator.comparison.php",
      "settings": {
        "foreground": "#ffffff"
      }
    },
    {
      "name": "php heredoc/nowdoc",
      "scope": "keyword.operator.heredoc.php,keyword.operator.nowdoc.php",
      "settings": {
        "foreground": "#d300ff"
      }
    },
    {
      "name": "python function decorator @",
      "scope": "meta.function.decorator.python",
      "settings": {
        "foreground": "#14ff00"
      }
    },
    {
      "name": "python function support",
      "scope": "support.token.decorator.python,meta.function.decorator.identifier.python",
      "settings": {
        "foreground": "#ffffff"
      }
    },
    {
      "name": "parameter function js/ts",
      "scope": "function.parameter",
      "settings": {
        "foreground": "#ffffff"
      }
    },
    {
      "name": "brace function",
      "scope": "function.brace",
      "settings": {
        "foreground": "#ffffff"
      }
    },
    {
      "name": "parameter function ruby cs",
      "scope": "function.parameter.ruby, function.parameter.cs",
      "settings": {
        "foreground": "#ffffff"
      }
    },
    {
      "name": "constant.language.symbol.ruby",
      "scope": "constant.language.symbol.ruby",
      "settings": {
        "foreground": "#ffffff"
      }
    },
    {
      "name": "rgb-value",
      "scope": "rgb-value",
      "settings": {
        "foreground": "#ffffff"
      }
    },
    {
      "name": "rgb value",
      "scope": "inline-color-decoration rgb-value",
      "settings": {
        "foreground": "#b5e6f1"
      }
    },
    {
      "name": "rgb value less",
      "scope": "less rgb-value",
      "settings": {
        "foreground": "#b5e6f1"
      }
    },
    {
      "name": "sass selector",
      "scope": "selector.sass",
      "settings": {
        "foreground": "#f7ff00"
      }
    },
    {
      "name": "ts primitive/builtin types",
      "scope": "support.type.primitive.ts,support.type.builtin.ts,support.type.primitive.tsx,support.type.builtin.tsx",
      "settings": {
        "foreground": "#00cfff"
      }
    },
    {
      "name": "block scope",
      "scope": "block.scope.end,block.scope.begin",
      "settings": {
        "foreground": "#ffffff"
      }
    },
    {
      "name": "cs storage type",
      "scope": "storage.type.cs",
      "settings": {
        "foreground": "#00cfff"
      }
    },
    {
      "name": "cs local variable",
      "scope": "entity.name.variable.local.cs",
      "settings": {
        "foreground": "#f7ff00"
      }
    },
    {
      "scope": "token.info-token",
      "settings": {
        "foreground": "#14ff00"
      }
    },
    {
      "scope": "token.warn-token",
      "settings": {
        "foreground": "#b5e6f1"
      }
    },
    {
      "scope": "token.error-token",
      "settings": {
        "foreground": "#f44747"
      }
    },
    {
      "scope": "token.debug-token",
      "settings": {
        "foreground": "#d300ff"
      }
    },
    {
      "name": "String interpolation",
      "scope": [
        "punctuation.definition.template-expression.begin",
        "punctuation.definition.template-expression.end",
        "punctuation.section.embedded"
      ],
      "settings": {
        "foreground": "#d300ff"
      }
    },
    {
      "name": "Reset JavaScript string interpolation expression",
      "scope": ["meta.template.expression"],
      "settings": {
        "foreground": "#ffffff"
      }
    },
    {
      "name": "Import module JS",
      "scope": ["keyword.operator.module"],
      "settings": {
        "foreground": "#d300ff"
      }
    },
    {
      "name": "js Flowtype",
      "scope": ["support.type.type.flowtype"],
      "settings": {
        "foreground": "#14ff00"
      }
    },
    {
      "name": "js Flow",
      "scope": ["support.type.primitive"],
      "settings": {
        "foreground": "#00cfff"
      }
    },
    {
      "name": "js class prop",
      "scope": ["meta.property.object"],
      "settings": {
        "foreground": "#f7ff00"
      }
    },
    {
      "name": "js func parameter",
      "scope": ["variable.parameter.function.js"],
      "settings": {
        "foreground": "#f7ff00"
      }
    },
    {
      "name": "js template literals begin",
      "scope": ["keyword.other.template.begin"],
      "settings": {
        "foreground": "#78f2ff"
      }
    },
    {
      "name": "js template literals end",
      "scope": ["keyword.other.template.end"],
      "settings": {
        "foreground": "#78f2ff"
      }
    },
    {
      "name": "js template literals variable braces begin",
      "scope": ["keyword.other.substitution.begin"],
      "settings": {
        "foreground": "#78f2ff"
      }
    },
    {
      "name": "js template literals variable braces end",
      "scope": ["keyword.other.substitution.end"],
      "settings": {
        "foreground": "#78f2ff"
      }
    },
    {
      "name": "js operator.assignment",
      "scope": ["keyword.operator.assignment"],
      "settings": {
        "foreground": "#ffffff"
      }
    },
    {
      "name": "go operator",
      "scope": ["keyword.operator.assignment.go"],
      "settings": {
        "foreground": "#00cfff"
      }
    },
    {
      "name": "go operator",
      "scope": [
        "keyword.operator.arithmetic.go",
        "keyword.operator.address.go"
      ],
      "settings": {
        "foreground": "#d300ff"
      }
    },
    {
      "name": "Go package name",
      "scope": ["entity.name.package.go"],
      "settings": {
        "foreground": "#00cfff"
      }
    },
    {
      "name": "elm prelude",
      "scope": ["support.type.prelude.elm"],
      "settings": {
        "foreground": "#ffffff"
      }
    },
    {
      "name": "elm constant",
      "scope": ["support.constant.elm"],
      "settings": {
        "foreground": "#b5e6f1"
      }
    },
    {
      "name": "template literal",
      "scope": ["punctuation.quasi.element"],
      "settings": {
        "foreground": "#d300ff"
      }
    },
    {
      "name": "html/pug (jade) escaped characters and entities",
      "scope": ["constant.character.entity"],
      "settings": {
        "foreground": "#f7ff00"
      }
    },
    {
      "name": "styling css pseudo-elements/classes to be able to differentiate from classes which are the same colour",
      "scope": [
        "entity.other.attribute-name.pseudo-element",
        "entity.other.attribute-name.pseudo-class"
      ],
      "settings": {
        "foreground": "#ffffff"
      }
    },
    {
      "name": "Clojure globals",
      "scope": ["entity.global.clojure"],
      "settings": {
        "foreground": "#00cfff"
      }
    },
    {
      "name": "Clojure symbols",
      "scope": ["meta.symbol.clojure"],
      "settings": {
        "foreground": "#f7ff00"
      }
    },
    {
      "name": "Clojure constants",
      "scope": ["constant.keyword.clojure"],
      "settings": {
        "foreground": "#ffffff"
      }
    },
    {
      "name": "CoffeeScript Function Argument",
      "scope": ["meta.arguments.coffee", "variable.parameter.function.coffee"],
      "settings": {
        "foreground": "#f7ff00"
      }
    },
    {
      "name": "Ini Default Text",
      "scope": ["source.ini"],
      "settings": {
        "foreground": "#78f2ff"
      }
    },
    {
      "name": "Makefile prerequisities",
      "scope": ["meta.scope.prerequisites.makefile"],
      "settings": {
        "foreground": "#f7ff00"
      }
    },
    {
      "name": "Makefile text colour",
      "scope": ["source.makefile"],
      "settings": {
        "foreground": "#00cfff"
      }
    },
    {
      "name": "Groovy import names",
      "scope": ["storage.modifier.import.groovy"],
      "settings": {
        "foreground": "#00cfff"
      }
    },
    {
      "name": "Groovy Methods",
      "scope": ["meta.method.groovy"],
      "settings": {
        "foreground": "#14ff00"
      }
    },
    {
      "name": "Groovy Variables",
      "scope": ["meta.definition.variable.name.groovy"],
      "settings": {
        "foreground": "#f7ff00"
      }
    },
    {
      "name": "Groovy Inheritance",
      "scope": ["meta.definition.class.inherited.classes.groovy"],
      "settings": {
        "foreground": "#78f2ff"
      }
    },
    {
      "name": "HLSL Semantic",
      "scope": ["support.variable.semantic.hlsl"],
      "settings": {
        "foreground": "#00cfff"
      }
    },
    {
      "name": "HLSL Types",
      "scope": [
        "support.type.texture.hlsl",
        "support.type.sampler.hlsl",
        "support.type.object.hlsl",
        "support.type.object.rw.hlsl",
        "support.type.fx.hlsl",
        "support.type.object.hlsl"
      ],
      "settings": {
        "foreground": "#d300ff"
      }
    },
    {
      "name": "SQL Variables",
      "scope": ["text.variable", "text.bracketed"],
      "settings": {
        "foreground": "#f7ff00"
      }
    },
    {
      "name": "types",
      "scope": ["support.type.swift", "support.type.vb.asp"],
      "settings": {
        "foreground": "#00cfff"
      }
    },
    {
      "name": "heading 1, keyword",
      "scope": ["entity.name.function.xi"],
      "settings": {
        "foreground": "#00cfff"
      }
    },
    {
      "name": "heading 2, callable",
      "scope": ["entity.name.class.xi"],
      "settings": {
        "foreground": "#ffffff"
      }
    },
    {
      "name": "heading 3, property",
      "scope": ["constant.character.character-class.regexp.xi"],
      "settings": {
        "foreground": "#f7ff00"
      }
    },
    {
      "name": "heading 4, type, class, interface",
      "scope": ["constant.regexp.xi"],
      "settings": {
        "foreground": "#d300ff"
      }
    },
    {
      "name": "heading 5, enums, preprocessor, constant, decorator",
      "scope": ["keyword.control.xi"],
      "settings": {
        "foreground": "#ffffff"
      }
    },
    {
      "name": "heading 6, number",
      "scope": ["invalid.xi"],
      "settings": {
        "foreground": "#ffffff"
      }
    },
    {
      "name": "string",
      "scope": ["beginning.punctuation.definition.quote.markdown.xi"],
      "settings": {
        "foreground": "#78f2ff"
      }
    },
    {
      "name": "comments",
      "scope": ["beginning.punctuation.definition.list.markdown.xi"],
      "settings": {
        "foreground": "#717171"
      }
    },
    {
      "name": "link",
      "scope": ["constant.character.xi"],
      "settings": {
        "foreground": "#14ff00"
      }
    },
    {
      "name": "accent",
      "scope": ["accent.xi"],
      "settings": {
        "foreground": "#14ff00"
      }
    },
    {
      "name": "wikiword",
      "scope": ["wikiword.xi"],
      "settings": {
        "foreground": "#b5e6f1"
      }
    },
    {
      "name": "language operators like '+', '-' etc",
      "scope": ["constant.other.color.rgb-value.xi"],
      "settings": {
        "foreground": "#ffffff"
      }
    },
    {
      "name": "elements to dim",
      "scope": ["punctuation.definition.tag.xi"],
      "settings": {
        "foreground": "#717171"
      }
    },
    {
      "name": "C++/C#",
      "scope": [
        "entity.name.label.cs",
        "entity.name.scope-resolution.function.call",
        "entity.name.scope-resolution.function.definition"
      ],
      "settings": {
        "foreground": "#00cfff"
      }
    },
    {
      "name": "Markdown underscore-style headers",
      "scope": [
        "entity.name.label.cs",
        "markup.heading.setext.1.markdown",
        "markup.heading.setext.2.markdown"
      ],
      "settings": {
        "foreground": "#f7ff00"
      }
    },
    {
      "name": "meta.brace.square",
      "scope": [" meta.brace.square"],
      "settings": {
        "foreground": "#ffffff"
      }
    },
    {
      "name": "Comments",
      "scope": "comment, punctuation.definition.comment",
      "settings": {
        "fontStyle": "italic",
        "foreground": "#717171"
      }
    },
    {
      "name": "[VSCODE-CUSTOM] Markdown Quote",
      "scope": "markup.quote.markdown",
      "settings": {
        "foreground": "#717171"
      }
    },
    {
      "name": "punctuation.definition.block.sequence.item.yaml",
      "scope": "punctuation.definition.block.sequence.item.yaml",
      "settings": {
        "foreground": "#ffffff"
      }
    },
    {
      "scope": ["constant.language.symbol.elixir"],
      "settings": {
        "foreground": "#ffffff"
      }
    },
    {
      "name": "js/ts italic",
      "scope": "entity.other.attribute-name.js,entity.other.attribute-name.ts,entity.other.attribute-name.jsx,entity.other.attribute-name.tsx,variable.parameter,variable.language.super",
      "settings": {
        "fontStyle": "italic"
      }
    },
    {
      "name": "comment",
      "scope": "comment.line.double-slash,comment.block.documentation",
      "settings": {
        "fontStyle": "italic"
      }
    },
    {
      "name": "Python Keyword Control",
      "scope": "keyword.control.import.python,keyword.control.flow.python",
      "settings": {
        "fontStyle": "italic"
      }
    },
    {
      "name": "markup.italic.markdown",
      "scope": "markup.italic.markdown",
      "settings": {
        "fontStyle": "italic"
      }
    }
  ],
  "colors": {
    "foreground": "#6fc3df",
    "focusBorder": "#000000",
    "selection.background": "#6fc3df74",
    "scrollbar.shadow": "#000000",
    "activityBar.foreground": "#6fc3df",
    "activityBar.background": "#000000",
    "activityBar.inactiveForeground": "#ffffff66",
    "activityBarBadge.foreground": "#ffffff",
    "activityBarBadge.background": "#6fc3df",
    "activityBar.border": "#000000",
    "activityBar.activeBackground": "#000000",
    "sideBar.background": "#000000",
    "sideBar.foreground": "#eeeaea",
    "sideBarSectionHeader.background": "#00000000",
    "sideBarSectionHeader.foreground": "#ffffff",
    "sideBarSectionHeader.border": "#cccccc00",
    "sideBarTitle.foreground": "#d7d7d7",
    "sideBar.border": "#000000",
    "list.inactiveSelectionBackground": "#6fc3df26",
    "list.inactiveSelectionForeground": "#ffffff",
    "list.hoverBackground": "#1d1d1d",
    "list.hoverForeground": "#cccccc",
    "list.activeSelectionBackground": "#6fc3df3e",
    "list.activeSelectionForeground": "#ffffff",
    "tree.indentGuidesStroke": "#17171700",
    "list.dropBackground": "#6fc3df18",
    "list.highlightForeground": "#6fc3df",
    "list.focusBackground": "#6fc3df38",
    "list.focusForeground": "#ffffff",
    "listFilterWidget.background": "#653723",
    "listFilterWidget.outline": "#00000000",
    "listFilterWidget.noMatchesOutline": "#be1100",
    "statusBar.foreground": "#f2f2f2",
    "statusBar.background": "#000000",
    "statusBarItem.hoverBackground": "#ffffff1f",
    "statusBar.debuggingBackground": "#e49326",
    "statusBar.debuggingForeground": "#ffffff",
    "statusBar.noFolderBackground": "#68217a",
    "statusBar.noFolderForeground": "#ffffff",
    "statusBarItem.remoteBackground": "#000000",
    "statusBarItem.remoteForeground": "#00cfff",
    "titleBar.activeBackground": "#000000",
    "titleBar.activeForeground": "#ece4e4",
    "titleBar.inactiveBackground": "#3c3c3c99",
    "titleBar.inactiveForeground": "#eceeee",
    "titleBar.border": "#00000000",
    "menubar.selectionForeground": "#ffffff",
    "menubar.selectionBackground": "#6fc3df38",
    "menubar.selectionBorder": "#6fc3df4c",
    "menu.foreground": "#ece4e4",
    "menu.background": "#000000",
    "menu.selectionForeground": "#ffffff",
    "menu.selectionBackground": "#6fc3df26",
    "menu.selectionBorder": "#00000000",
    "menu.separatorBackground": "#bbbbbb00",
    "menu.border": "#00000000",
    "button.background": "#0099ff",
    "button.foreground": "#ffffff",
    "button.hoverBackground": "#0099ff",
    "button.secondaryForeground": "#ffffff",
    "button.secondaryBackground": "#3a3d41",
    "button.secondaryHoverBackground": "#45494e",
    "input.background": "#3c3c3c",
    "input.border": "#00000000",
    "input.foreground": "#cccccc",
    "inputOption.activeBackground": "#007fd466",
    "inputOption.activeBorder": "#007acc00",
    "inputOption.activeForeground": "#ffffff",
    "input.placeholderForeground": "#a6a6a6",
    "textLink.foreground": "#0077ff",
    "editor.background": "#000000",
    "editor.foreground": "#ffffff",
    "editorLineNumber.foreground": "#ffffff28",
    "editorCursor.foreground": "#aeafad",
    "editorCursor.background": "#000000",
    "editor.selectionBackground": "#264f78",
    "editor.inactiveSelectionBackground": "#3a3d41",
    "editorWhitespace.foreground": "#e3e4e229",
    "editor.selectionHighlightBackground": "#add6ff26",
    "editor.selectionHighlightBorder": "#495F77",
    "editor.findMatchBackground": "#515c6a",
    "editor.findMatchBorder": "#74879f",
    "editor.findMatchHighlightBackground": "#ea5c0055",
    "editor.findMatchHighlightBorder": "#ffffff00",
    "editor.findRangeHighlightBackground": "#3a3d4166",
    "editor.findRangeHighlightBorder": "#ffffff00",
    "editor.rangeHighlightBackground": "#ffffff0b",
    "editor.rangeHighlightBorder": "#ffffff00",
    "editor.hoverHighlightBackground": "#264f7840",
    "editor.wordHighlightStrongBackground": "#004972b8",
    "editor.wordHighlightBackground": "#575757b8",
    "editor.lineHighlightBackground": "#ffffff0A",
    "editor.lineHighlightBorder": "#282828",
    "editorLineNumber.activeForeground": "#ffffff",
    "editorLink.activeForeground": "#4e94ce",
    "editorIndentGuide.background": "#404040",
    "editorIndentGuide.activeBackground": "#707070",
    "editorRuler.foreground": "#5a5a5a",
    "editorBracketMatch.background": "#0064001a",
    "editorBracketMatch.border": "#888888",
    "editor.foldBackground": "#264f784d",
    "editorOverviewRuler.background": "#25252500",
    "editorOverviewRuler.border": "#7f7f7f4d",
    "editorError.foreground": "#ff0000",
    "editorError.background": "#B73A3400",
    "editorError.border": "#ffffff00",
    "editorWarning.foreground": "#ebff00",
    "editorWarning.background": "#A9904000",
    "editorWarning.border": "#ffffff00",
    "editorInfo.foreground": "#75beff",
    "editorInfo.background": "#4490BF00",
    "editorInfo.border": "#4490bf00",
    "editorGutter.background": "#000000",
    "editorGutter.modifiedBackground": "#00c7ff",
    "editorGutter.addedBackground": "#68ff00",
    "editorGutter.deletedBackground": "#ff000c",
    "editorGutter.foldingControlForeground": "#c5c5c56c",
    "editorCodeLens.foreground": "#999999",
    "editorGroup.border": "#000000",
    "diffEditor.insertedTextBackground": "#50ff0056",
    "diffEditor.removedTextBackground": "#ff00007e",
    "diffEditor.border": "#444444",
    "panel.background": "#000000",
    "panel.border": "#00000059",
    "panelTitle.activeBorder": "#e7e7e7",
    "panelTitle.activeForeground": "#e7e7e7",
    "panelTitle.inactiveForeground": "#e7e7e799",
    "badge.background": "#434343",
    "badge.foreground": "#ffffff",
    "terminal.foreground": "#cccccc",
    "terminal.selectionBackground": "#ffffff40",
    "terminalCursor.background": "#ffffff",
    "terminalCursor.foreground": "#0087ff",
    "terminal.border": "#82484800",
    "terminal.ansiBlack": "#000000",
    "terminal.ansiBlue": "#2472c8",
    "terminal.ansiBrightBlack": "#666666",
    "terminal.ansiBrightBlue": "#3b8eea",
    "terminal.ansiBrightCyan": "#29b8db",
    "terminal.ansiBrightGreen": "#23d18b",
    "terminal.ansiBrightMagenta": "#d670d6",
    "terminal.ansiBrightRed": "#f14c4c",
    "terminal.ansiBrightWhite": "#e5e5e5",
    "terminal.ansiBrightYellow": "#f5f543",
    "terminal.ansiCyan": "#11a8cd",
    "terminal.ansiGreen": "#0dbc79",
    "terminal.ansiMagenta": "#bc3fbc",
    "terminal.ansiRed": "#cd3131",
    "terminal.ansiWhite": "#e5e5e5",
    "terminal.ansiYellow": "#e5e510",
    "breadcrumb.background": "#000000",
    "breadcrumb.foreground": "#cccccccc",
    "breadcrumb.focusForeground": "#e0e0e0",
    "editorGroupHeader.tabsBackground": "#000000",
    "tab.activeForeground": "#ffffff",
    "tab.border": "#000000",
    "tab.activeBackground": "#b5e6f12a",
    "tab.activeBorder": "#00000000",
    "tab.activeBorderTop": "#b5e6f1",
    "tab.inactiveBackground": "#000000",
    "tab.inactiveForeground": "#ffffff80",
    "scrollbarSlider.background": "#38383866",
    "scrollbarSlider.hoverBackground": "#5a5a5ab3",
    "scrollbarSlider.activeBackground": "#bfbfbf66",
    "progressBar.background": "#6fc3df",
    "widget.shadow": "#0000005c",
    "editorWidget.foreground": "#cccccc",
    "editorWidget.background": "#000000",
    "editorWidget.resizeBorder": "#5F5F5F",
    "pickerGroup.border": "#3f3f46",
    "pickerGroup.foreground": "#3794ff",
    "debugToolBar.background": "#333333",
    "debugToolBar.border": "#474747",
    "notifications.foreground": "#cccccc",
    "notifications.background": "#000000",
    "notificationToast.border": "#000000",
    "notificationsErrorIcon.foreground": "#f48771",
    "notificationsWarningIcon.foreground": "#cca700",
    "notificationsInfoIcon.foreground": "#75beff",
    "notificationCenter.border": "#474747",
    "notificationCenterHeader.foreground": "#cccccc",
    "notificationCenterHeader.background": "#303031",
    "notifications.border": "#303031",
    "gitDecoration.addedResourceForeground": "#00ff2e",
    "gitDecoration.conflictingResourceForeground": "#0194ff",
    "gitDecoration.deletedResourceForeground": "#ff0000",
    "gitDecoration.ignoredResourceForeground": "#8c8c8c",
    "gitDecoration.modifiedResourceForeground": "#ffd700",
    "gitDecoration.stageDeletedResourceForeground": "#ff2a2a",
    "gitDecoration.stageModifiedResourceForeground": "#e2c08d",
    "gitDecoration.submoduleResourceForeground": "#8db9e2",
    "gitDecoration.untrackedResourceForeground": "#73c991",
    "editorMarkerNavigation.background": "#2d2d30",
    "editorMarkerNavigationError.background": "#f48771",
    "editorMarkerNavigationWarning.background": "#cca700",
    "editorMarkerNavigationInfo.background": "#75beff",
    "merge.currentHeaderBackground": "#086200",
    "merge.currentContentBackground": "#008002",
    "merge.incomingHeaderBackground": "#0049a5",
    "merge.incomingContentBackground": "#002e64",
    "merge.commonHeaderBackground": "#383838",
    "merge.commonContentBackground": "#282828",
    "editorSuggestWidget.background": "#252526",
    "editorSuggestWidget.border": "#454545",
    "editorSuggestWidget.foreground": "#d4d4d4",
    "editorSuggestWidget.highlightForeground": "#0097fb",
    "editorSuggestWidget.selectedBackground": "#062f4a",
    "editorHoverWidget.foreground": "#cccccc",
    "editorHoverWidget.background": "#000000",
    "editorHoverWidget.border": "#282828",
    "peekView.border": "#007acc",
    "peekViewEditor.background": "#001f33",
    "peekViewEditorGutter.background": "#001f33",
    "peekViewEditor.matchHighlightBackground": "#ff8f0099",
    "peekViewEditor.matchHighlightBorder": "#ee931e",
    "peekViewResult.background": "#252526",
    "peekViewResult.fileForeground": "#ffffff",
    "peekViewResult.lineForeground": "#bbbbbb",
    "peekViewResult.matchHighlightBackground": "#ea5c004d",
    "peekViewResult.selectionBackground": "#3399ff33",
    "peekViewResult.selectionForeground": "#ffffff",
    "peekViewTitle.background": "#1e1e1e",
    "peekViewTitleDescription.foreground": "#ccccccb3",
    "peekViewTitleLabel.foreground": "#ffffff",
    "icon.foreground": "#6fc3df",
    "checkbox.background": "#3c3c3c",
    "checkbox.foreground": "#cccccc",
    "checkbox.border": "#00000000",
    "dropdown.background": "#3c3c3c",
    "dropdown.foreground": "#cccccc",
    "dropdown.border": "#00000000",
    "minimapGutter.addedBackground": "#68ff00",
    "minimapGutter.modifiedBackground": "#00c7ff",
    "minimapGutter.deletedBackground": "#ff000c",
    "minimap.findMatchHighlight": "#515c6a",
    "minimap.selectionHighlight": "#264f78",
    "minimap.errorHighlight": "#ff0000",
    "minimap.warningHighlight": "#ebff00",
    "minimap.background": "#000000",
    "sideBar.dropBackground": "#6fc3df18",
    "editorGroup.emptyBackground": "#000000",
    "panelSection.border": "#82484800",
    "statusBarItem.activeBackground": "#FFFFFF25",
    "settings.headerForeground": "#6fc3df",
    "settings.focusedRowBackground": "#ffffff07",
    "walkThrough.embeddedEditorBackground": "#00000050",
    "breadcrumb.activeSelectionForeground": "#e0e0e0",
    "editorGutter.commentRangeForeground": "#c5c5c56c",
    "debugExceptionWidget.background": "#333333",
    "debugExceptionWidget.border": "#474747"
  }
}
